{"epoch": 10, "val_auc": 0.9646780285044273, "val_loss": 0.1013011539388182}