{"train_loss": [0.17330164709357548, 0.1258951393074281, 0.11574625796852946, 0.1095035716223515, 0.10486908283625154, 0.10078086759001997, 0.0969801754884793, 0.09423520849724057, 0.09204049504048882, 0.09067717727725501, 0.1022791996719657, 0.10123689146260041, 0.09983882141529822, 0.09779087219192331, 0.09635865279721152], "val_loss": [0.1302551984886772, 0.1172871885355562, 0.11400602256236154, 0.11028506143373393, 0.10681902056205131, 0.10549165949314124, 0.1039665681309998, 0.10181482757685617, 0.10140546414602016, 0.1013011539388182, 0.10973312502859958, 0.10662232837750621, 0.10657634808393639, 0.10508498263966647, 0.10414015714611326], "val_auc": [0.9423605502300411, 0.953535646922706, 0.9560965075119084, 0.9586758441210856, 0.9600179560002947, 0.9618165745204101, 0.9628407697678532, 0.9644109226776245, 0.9644895273828724, 0.9646780285044273, 0.9598842391503126, 0.9607017793399636, 0.9603533199401231, 0.962667438562729, 0.9633633011369589]}