{"train_loss": [0.19578150555821536, 0.13056615589870305, 0.11991438699438225, 0.11247888573362858, 0.10733474599598329, 0.10294488340003204, 0.0996053662740543, 0.09672123441307605, 0.09452100205412016, 0.09331026515110007, 0.10500422600727481, 0.10315208480327945, 0.10178737633425412, 0.10008597839741579, 0.09826710741212473], "val_loss": [0.13629706913830608, 0.1229110232397782, 0.11409835891034399, 0.11062939413397362, 0.10632317596744295, 0.10368930931947576, 0.10232510981987887, 0.10069462737744361, 0.10004909866788922, 0.09955464648000434, 0.10649927825307072, 0.10533866938478299, 0.10303957922422605, 0.10499820025269613, 0.10207394191824933], "val_auc": [0.9356937173257791, 0.9500576947803965, 0.9566913445651205, 0.9595415258141965, 0.9627053199528396, 0.964332293891616, 0.9649328445489405, 0.9661245996691658, 0.9661743171684651, 0.9668131057877944, 0.9634757684388383, 0.9630121527566139, 0.9657263903692709, 0.9659198929597932, 0.9661987344281887]}