{"train_loss": [0.17724882160560995, 0.12593216940383367, 0.11610753770587565, 0.10967040204360515, 0.10460555989861112, 0.10041314105538628, 0.0968963713585576, 0.09386345960105522, 0.09168310796818402, 0.09025866054823693, 0.10236667604244586, 0.10080992263046247, 0.09892526800402357, 0.09738798764876172, 0.09602950008916138], "val_loss": [0.12758453050216215, 0.11897325446516012, 0.11235943062994684, 0.10786380781998149, 0.10470285761694817, 0.10244475669917104, 0.10114020479507854, 0.09944349128456242, 0.0987344363259267, 0.09843045625297193, 0.10537179837492364, 0.10327345400411295, 0.10235854575086308, 0.10534293289711166, 0.10174829264481862], "val_auc": [0.9438342919197544, 0.9528379873795306, 0.9582162570134869, 0.9611284034768286, 0.9638822767141502, 0.9656316680101216, 0.9660845146539837, 0.9667740806152871, 0.9674933049237712, 0.9677100380776231, 0.9636578937838359, 0.9654260258877607, 0.9655946186009805, 0.9656591871152037, 0.9666593841933948]}