{"train_loss": [0.16911127972812048, 0.12275385995553377, 0.11308404787865899, 0.10712183597963157, 0.10303251383185798, 0.09882261275787482, 0.09518953443941783, 0.09241708297900031, 0.09033113479992508, 0.08900914004172363, 0.10141920113065743, 0.09970724580337245, 0.09852647405690962, 0.09644237877021797], "val_loss": [0.1281065596323017, 0.11759466827580971, 0.11130237975712157, 0.10828687875930752, 0.10595640061711449, 0.1033263051926735, 0.10220784925678301, 0.10061813619298239, 0.10010433581192046, 0.10013533316530465, 0.10905126283233542, 0.10529094572467286, 0.1053319122209879, 0.10490981194501121], "val_auc": [0.9464447414319836, 0.9545661174979514, 0.9588463827036453, 0.9610784055430406, 0.9616667297402508, 0.9637880165317453, 0.9643511943600213, 0.965218101418183, 0.9660578450463199, 0.9660546166256074, 0.9614289950191839, 0.9633039838849192, 0.9645222164157339, 0.964476042686255]}