{
  "low (200-290)": {
    "n_sequences": 3770,
    "n_users": 301,
    "ndcg10": 0.4046916978609415,
    "ndcg10_std": 0.29681902296443846,
    "mrr": 0.4845535977432529,
    "mrr_std": 0.40046612184893277
  },
  "mid (291-374)": {
    "n_sequences": 5289,
    "n_users": 294,
    "ndcg10": 0.4429382378807654,
    "ndcg10_std": 0.31035658635357516,
    "mrr": 0.5000093035260365,
    "mrr_std": 0.4012977634856526
  },
  "high (375+)": {
    "n_sequences": 8965,
    "n_users": 304,
    "ndcg10": 0.5119000609003297,
    "ndcg10_std": 0.3071653022944101,
    "mrr": 0.5430512840942289,
    "mrr_std": 0.39046630132079135
  }
}