{"train_loss": [0.18279049643934872, 0.12650868121148065, 0.11553047091138735, 0.10903526035171265, 0.10452782418898987, 0.10000191552814672, 0.09652288703521789, 0.09369794179980045, 0.09151495943340354, 0.09020717301062722, 0.10220328639934277], "val_loss": [0.13746597220428114, 0.11960470144160439, 0.11442761093399725, 0.1097805296601511, 0.10603250475427092, 0.10377738151569353, 0.1023028964274238, 0.10165306369145942, 0.10059935397056993, 0.10042107842732655, 0.1064978216850567], "val_auc": [0.9354333879652325, 0.952427524643908, 0.9549119333021385, 0.9594828924182341, 0.9608185275263713, 0.963694673299043, 0.9628336412519438, 0.9625408483481281, 0.9636188723408605, 0.9636880444668926, 0.9595597351922833]}