{"epoch": 10, "val_auc": 0.9640517916117181, "val_loss": 0.10675578458446586}