{"epoch": 10, "val_auc": 0.9651386105506022, "val_loss": 0.1009524168191655}