{"train_loss": [0.17096857127678952, 0.12365813590924742, 0.11445060282926954, 0.10801167981316774, 0.10353626700048722, 0.09959173927025823, 0.095939041012901, 0.09310657042217307, 0.09100287431685837, 0.0896569950753004, 0.10197559929158351, 0.10049503290543023, 0.098878501209018, 0.09728501307734573, 0.09578817436516528], "val_loss": [0.12794095093739175, 0.11620176883990921, 0.11187423091559183, 0.113533816361312, 0.10674371826462448, 0.10454205885928657, 0.10403970142804264, 0.10204479319509119, 0.10106310365898978, 0.1009524168191655, 0.10663397460510689, 0.10518329301183778, 0.10525834672929098, 0.10446605999355338, 0.10479531056868534], "val_auc": [0.9446303820919415, 0.9547007312990826, 0.95744916528613, 0.9570566313500868, 0.9607292050435655, 0.9625099968445332, 0.9625183185246821, 0.9641261829940729, 0.964896854335179, 0.9651386105506022, 0.9618802539282231, 0.9623951962904319, 0.9618615093045753, 0.9638133421671696, 0.9638182634198509]}