{"train_loss": [0.1712975839613486, 0.12381496666386299, 0.11375197297267427, 0.10742292584473719, 0.10280425104553967, 0.0987046979220636, 0.09509899963390413, 0.0922493258603816, 0.08988794247905538, 0.08870810522709248, 0.10100427911558782, 0.09946761356882076, 0.0977709363364979, 0.0959405114763921, 0.09455691011338277], "val_loss": [0.13098905126320287, 0.11767076022945167, 0.11237849247464467, 0.1094389180763669, 0.10722145718699765, 0.10436017203721262, 0.10432456201496756, 0.10178001177319813, 0.10111968729844582, 0.10131600575100276, 0.10824906533872265, 0.10487953589541749, 0.10613933771604761, 0.10420709805163954, 0.10320393193424457], "val_auc": [0.9429272134696128, 0.9535215616390079, 0.9572841875682654, 0.9598803461976501, 0.9590433640233107, 0.9623831449450923, 0.9627385069819538, 0.9646056073577679, 0.9650981148516039, 0.9652225938419641, 0.9601000484965753, 0.9620014651634887, 0.9632820719848081, 0.9640460189250329, 0.9642053213458734]}