{"train_loss": [0.17798832732872186, 0.12694667982405397, 0.11618095089050266, 0.11012113165893073, 0.10528724041265711, 0.10136365967480493, 0.09782353232351336, 0.09494542496346561, 0.09286378159012651, 0.09158003692284203, 0.10352386259966741, 0.10179473417465344, 0.10020855838112168, 0.09851130222633929, 0.09716531890098706], "val_loss": [0.13916368407202873, 0.12541094556183158, 0.11914615895777583, 0.11382303331158831, 0.1126768640214633, 0.11009338815434429, 0.10785694799001166, 0.10764747455961511, 0.10605822230862108, 0.10606195069961026, 0.11053315090562055, 0.10957428258648533, 0.11142664673754912, 0.10778676096662254, 0.10882504255382601], "val_auc": [0.938753465840296, 0.9507101661475934, 0.9551995875806557, 0.9592005315052623, 0.9596045521299813, 0.9623643080888277, 0.963491846843183, 0.9638758154164309, 0.9645799321358454, 0.9648792586717164, 0.9605131055139338, 0.9613015973062089, 0.9592241091405067, 0.960072295275554, 0.961556990771022]}