{"train_loss": [0.1712441302160777, 0.12336774138542368, 0.11347906734620833, 0.1076997019274454, 0.10315145377899403, 0.09952150381050752, 0.0960107445324597, 0.09335850403497344, 0.09100401098646779, 0.08980597306016759, 0.10172432695290201, 0.10053434862203102, 0.0990624510419829, 0.09741408594461407, 0.09613511144482527], "val_loss": [0.13915782687392567, 0.11777200677881315, 0.11099624125315917, 0.1084789351429764, 0.10642649457807082, 0.10354836148643258, 0.1028623876110499, 0.10243094635039272, 0.10133606205461218, 0.10112177120071152, 0.10781904746800704, 0.1081797821075778, 0.10531078022410711, 0.10533699626695824, 0.10473707705061709], "val_auc": [0.935433934832786, 0.9533410120304143, 0.9578644360750487, 0.9596451737576956, 0.961584008553441, 0.9630183983690731, 0.963269006585813, 0.9641919625780809, 0.9642808207002133, 0.964749284843195, 0.960961005429302, 0.9609687799819444, 0.9617948213379175, 0.9627974463848991, 0.9640727889117551]}