{
  "seeds": [
    42,
    123,
    456,
    789,
    2024
  ],
  "per_seed": {
    "42": {
      "fixed": {
        "auc_roc": 0.5695,
        "precision_at_5": 0.2809,
        "precision_at_10": 0.2209,
        "recall_at_5": 0.1489,
        "recall_at_10": 0.2619,
        "accuracy_at_5": 0.1489,
        "ndcg_at_5": 0.3001,
        "ndcg_at_10": 0.2972,
        "ndcg_at_20": 0.3078,
        "map_at_5": 0.2449,
        "map_at_10": 0.2029,
        "mrr": 0.416,
        "coverage": 0.0341,
        "diversity": 1.0,
        "novelty": 0.7569
      },
      "gating": {
        "auc_roc": 0.5631,
        "precision_at_5": 0.2809,
        "precision_at_10": 0.2209,
        "recall_at_5": 0.1489,
        "recall_at_10": 0.2619,
        "accuracy_at_5": 0.1489,
        "ndcg_at_5": 0.3001,
        "ndcg_at_10": 0.2971,
        "ndcg_at_20": 0.3078,
        "map_at_5": 0.2449,
        "map_at_10": 0.2029,
        "mrr": 0.4158,
        "coverage": 0.0341,
        "diversity": 1.0,
        "novelty": 0.7569
      },
      "fixed_subgroups": {
        "cold (<5)": {
          "ndcg10": 0.16739281530767383,
          "n": 109
        },
        "moderate (5-50)": {
          "ndcg10": 0.3692270634093167,
          "n": 107
        },
        "warm (50+)": {
          "ndcg10": 0.7580689471604677,
          "n": 14
        }
      },
      "gating_subgroups": {
        "cold (<5)": {
          "ndcg10": 0.16731872113864912,
          "n": 109
        },
        "moderate (5-50)": {
          "ndcg10": 0.36906611140311446,
          "n": 107
        },
        "warm (50+)": {
          "ndcg10": 0.7573165370874856,
          "n": 14
        }
      },
      "learned_weights": {
        "cold": [
          1.0,
          4.217014293317334e-09,
          7.408809121756121e-09,
          5.109445311290983e-09,
          1.441300945259627e-08
        ],
        "moderate": [
          1.0,
          4.7223301657961514e-11,
          9.58848556109615e-11,
          6.107299388435905e-11,
          2.403091614588959e-10
        ],
        "warm": [
          1.0,
          2.4742238965112795e-13,
          6.483616269738202e-13,
          3.3369642227394636e-13,
          2.023652512922469e-12
        ],
        "all": [
          1.0,
          2.020481781883632e-09,
          3.5557778943484664e-09,
          2.449864311415695e-09,
          6.942432406731314e-09
        ]
      }
    },
    "123": {
      "fixed": {
        "auc_roc": 0.5695,
        "precision_at_5": 0.2809,
        "precision_at_10": 0.2209,
        "recall_at_5": 0.1489,
        "recall_at_10": 0.2619,
        "accuracy_at_5": 0.1489,
        "ndcg_at_5": 0.3001,
        "ndcg_at_10": 0.2972,
        "ndcg_at_20": 0.3078,
        "map_at_5": 0.2449,
        "map_at_10": 0.2029,
        "mrr": 0.416,
        "coverage": 0.0341,
        "diversity": 1.0,
        "novelty": 0.7569
      },
      "gating": {
        "auc_roc": 0.5631,
        "precision_at_5": 0.2809,
        "precision_at_10": 0.2209,
        "recall_at_5": 0.1489,
        "recall_at_10": 0.2619,
        "accuracy_at_5": 0.1489,
        "ndcg_at_5": 0.3001,
        "ndcg_at_10": 0.2971,
        "ndcg_at_20": 0.3078,
        "map_at_5": 0.2449,
        "map_at_10": 0.2029,
        "mrr": 0.4158,
        "coverage": 0.0341,
        "diversity": 1.0,
        "novelty": 0.7569
      },
      "fixed_subgroups": {
        "cold (<5)": {
          "ndcg10": 0.16739281530767383,
          "n": 109
        },
        "moderate (5-50)": {
          "ndcg10": 0.3692270634093167,
          "n": 107
        },
        "warm (50+)": {
          "ndcg10": 0.7580689471604677,
          "n": 14
        }
      },
      "gating_subgroups": {
        "cold (<5)": {
          "ndcg10": 0.16731872113864912,
          "n": 109
        },
        "moderate (5-50)": {
          "ndcg10": 0.36906611140311446,
          "n": 107
        },
        "warm (50+)": {
          "ndcg10": 0.7573165370874856,
          "n": 14
        }
      },
      "learned_weights": {
        "cold": [
          1.0,
          3.2972071739578723e-09,
          6.841270661084309e-09,
          5.182330120589995e-09,
          1.3981385826866699e-08
        ],
        "moderate": [
          1.0,
          2.6401877212256508e-11,
          6.998197854546362e-11,
          4.777093651209263e-11,
          1.7977963562287869e-10
        ],
        "warm": [
          1.0,
          4.68894501947769e-14,
          1.8094327306015373e-13,
          1.0157456473147697e-13,
          6.2092133734995e-13
        ],
        "all": [
          1.0,
          1.5748756743150238e-09,
          3.2747349276718296e-09,
          2.4782040863868815e-09,
          6.7096359579466025e-09
        ]
      }
    },
    "456": {
      "fixed": {
        "auc_roc": 0.5695,
        "precision_at_5": 0.2809,
        "precision_at_10": 0.2209,
        "recall_at_5": 0.1489,
        "recall_at_10": 0.2619,
        "accuracy_at_5": 0.1489,
        "ndcg_at_5": 0.3001,
        "ndcg_at_10": 0.2972,
        "ndcg_at_20": 0.3078,
        "map_at_5": 0.2449,
        "map_at_10": 0.2029,
        "mrr": 0.416,
        "coverage": 0.0341,
        "diversity": 1.0,
        "novelty": 0.7569
      },
      "gating": {
        "auc_roc": 0.5641,
        "precision_at_5": 0.2809,
        "precision_at_10": 0.2209,
        "recall_at_5": 0.1489,
        "recall_at_10": 0.2619,
        "accuracy_at_5": 0.1489,
        "ndcg_at_5": 0.3001,
        "ndcg_at_10": 0.2971,
        "ndcg_at_20": 0.3078,
        "map_at_5": 0.2449,
        "map_at_10": 0.2029,
        "mrr": 0.4158,
        "coverage": 0.0341,
        "diversity": 1.0,
        "novelty": 0.7569
      },
      "fixed_subgroups": {
        "cold (<5)": {
          "ndcg10": 0.16739281530767383,
          "n": 109
        },
        "moderate (5-50)": {
          "ndcg10": 0.3692270634093167,
          "n": 107
        },
        "warm (50+)": {
          "ndcg10": 0.7580689471604677,
          "n": 14
        }
      },
      "gating_subgroups": {
        "cold (<5)": {
          "ndcg10": 0.16731872113864912,
          "n": 109
        },
        "moderate (5-50)": {
          "ndcg10": 0.36906611140311446,
          "n": 107
        },
        "warm (50+)": {
          "ndcg10": 0.7573165370874856,
          "n": 14
        }
      },
      "learned_weights": {
        "cold": [
          0.9999995827674866,
          5.681158654624596e-08,
          1.3161547940399032e-07,
          1.5254582308443787e-07,
          1.9239132598158903e-07
        ],
        "moderate": [
          1.0,
          1.0056842025818469e-09,
          3.0312188314951527e-09,
          3.7204819225422625e-09,
          5.397460700606871e-09
        ],
        "warm": [
          1.0,
          5.006888133263221e-12,
          2.229820321442144e-11,
          2.8848274463699752e-11,
          4.943525103162649e-11
        ],
        "all": [
          0.9999998807907104,
          2.7391919843466894e-08,
          6.378584060939829e-08,
          7.402606172490778e-08,
          9.369075115728265e-08
        ]
      }
    },
    "789": {
      "fixed": {
        "auc_roc": 0.5695,
        "precision_at_5": 0.2809,
        "precision_at_10": 0.2209,
        "recall_at_5": 0.1489,
        "recall_at_10": 0.2619,
        "accuracy_at_5": 0.1489,
        "ndcg_at_5": 0.3001,
        "ndcg_at_10": 0.2972,
        "ndcg_at_20": 0.3078,
        "map_at_5": 0.2449,
        "map_at_10": 0.2029,
        "mrr": 0.416,
        "coverage": 0.0341,
        "diversity": 1.0,
        "novelty": 0.7569
      },
      "gating": {
        "auc_roc": 0.5631,
        "precision_at_5": 0.2809,
        "precision_at_10": 0.2209,
        "recall_at_5": 0.1489,
        "recall_at_10": 0.2619,
        "accuracy_at_5": 0.1489,
        "ndcg_at_5": 0.3001,
        "ndcg_at_10": 0.2971,
        "ndcg_at_20": 0.3078,
        "map_at_5": 0.2449,
        "map_at_10": 0.2029,
        "mrr": 0.4158,