{
  "cold-start (<5 ctx)|random": {
    "ndcg5": 0.019236444616636584,
    "ndcg10": 0.024481887467164357,
    "mrr": 0.030504587155963304,
    "coverage": 0.03412969283276451,
    "n": 109
  },
  "cold-start (<5 ctx)|popular": {
    "ndcg5": 0.13494464168576853,
    "ndcg10": 0.1668627656714631,
    "mrr": 0.22750473277996214,
    "coverage": 0.03412969283276451,
    "n": 109
  },
  "cold-start (<5 ctx)|moving_avg": {
    "ndcg5": 0.06015385475491766,
    "ndcg10": 0.06381794530503691,
    "mrr": 0.09152468326780254,
    "coverage": 0.03412969283276451,
    "n": 109
  },
  "cold-start (<5 ctx)|pred_only": {
    "ndcg5": 0.1355106661067739,
    "ndcg10": 0.16731872113864912,
    "mrr": 0.22801441677588466,
    "coverage": 0.03412969283276451,
    "n": 109
  },
  "cold-start (<5 ctx)|mars_full": {
    "ndcg5": 0.1355106661067739,
    "ndcg10": 0.16739281530767383,
    "mrr": 0.22821829037425367,
    "coverage": 0.03412969283276451,
    "n": 109
  },
  "moderate (10-50 train)|random": {
    "ndcg5": 0.0,
    "ndcg10": 0.0,
    "mrr": 0.0,
    "coverage": 0.034129692832764506,
    "n": 3
  },
  "moderate (10-50 train)|popular": {
    "ndcg5": 0.2551202123295406,
    "ndcg10": 0.3566092781597132,
    "mrr": 0.5476190476190476,
    "coverage": 0.034129692832764506,
    "n": 3
  },
  "moderate (10-50 train)|moving_avg": {
    "ndcg5": 0.07821312100379274,
    "ndcg10": 0.1303552016729879,
    "mrr": 0.1111111111111111,
    "coverage": 0.034129692832764506,
    "n": 3
  },
  "moderate (10-50 train)|pred_only": {
    "ndcg5": 0.2551202123295406,
    "ndcg10": 0.3566092781597132,
    "mrr": 0.5476190476190476,
    "coverage": 0.034129692832764506,
    "n": 3
  },
  "moderate (10-50 train)|mars_full": {
    "ndcg5": 0.2551202123295406,
    "ndcg10": 0.3566092781597132,
    "mrr": 0.5476190476190476,
    "coverage": 0.034129692832764506,
    "n": 3
  },
  "warm (50+ train)|random": {
    "ndcg5": 0.04617164334486279,
    "ndcg10": 0.04635531214702355,
    "mrr": 0.11230495022867903,
    "coverage": 0.034129692832764506,
    "n": 118
  },
  "warm (50+ train)|popular": {
    "ndcg5": 0.4533996410412216,
    "ndcg10": 0.4156461128717722,
    "mrr": 0.5860707559860102,
    "coverage": 0.034129692832764506,
    "n": 118
  },
  "warm (50+ train)|moving_avg": {
    "ndcg5": 0.21917398228657967,
    "ndcg10": 0.19821477004781324,
    "mrr": 0.3366525423728814,
    "coverage": 0.034129692832764506,
    "n": 118
  },
  "warm (50+ train)|pred_only": {
    "ndcg5": 0.4531857660138078,
    "ndcg10": 0.41544642038032964,
    "mrr": 0.5858353510895884,
    "coverage": 0.034129692832764506,
    "n": 118
  },
  "warm (50+ train)|mars_full": {
    "ndcg5": 0.4531857660138078,
    "ndcg10": 0.4156593201297361,
    "mrr": 0.5861178369652946,
    "coverage": 0.034129692832764506,
    "n": 118
  }
}