{
  "XES3G5M": {
    "dataset": "XES3G5M",
    "n_users": 6000,
    "n_interactions": 2134487,
    "avg_seq_len": 355.74783333333335,
    "median_seq_len": 329.0,
    "std_seq_len": 103.70125314393663,
    "min_seq_len": 200,
    "max_seq_len": 1028,
    "n_questions": 7373,
    "n_concepts": 858,
    "overall_accuracy": 0.7982414509903316,
    "mean_user_accuracy": 0.790135600481906,
    "std_user_accuracy": 0.12745366671664032,
    "train_users": 4200,
    "val_users": 900,
    "test_users": 900,
    "train_rows": 1500899,
    "val_rows": 317716,
    "test_rows": 315872,
    "elapsed_median_ms": 15000.0,
    "elapsed_p95_ms": 15000.0,
    "elapsed_mean_ms": 15000.0,
    "changed_answer_ratio": 0.0
  },
  "EdNet": {
    "dataset": "EdNet KT2 (6k sample)",
    "n_users": 2784,
    "n_interactions": 545986,
    "avg_seq_len": 196.11566091954023,
    "median_seq_len": 64.0,
    "std_seq_len": 424.1556753400462,
    "min_seq_len": 20,
    "max_seq_len": 8257,
    "n_questions": 10690,
    "n_concepts": 187,
    "overall_accuracy": 0.6262413321953311,
    "mean_user_accuracy": 0.598061102915015,
    "std_user_accuracy": 0.12168101123327144,
    "train_users": 1948,
    "val_users": 417,
    "test_users": 419,
    "train_rows": 390184,
    "val_rows": 80829,
    "test_rows": 74973,
    "elapsed_median_ms": 24376.0,
    "elapsed_p95_ms": 103153.0,
    "elapsed_mean_ms": 36585.244127138794,
    "changed_answer_ratio": 0.20031466008285928
  }
}