{"train_loss": [0.1742114391889994, 0.1247863886880837, 0.11403755030078346, 0.10783855973920928, 0.10307053968098491, 0.0991185903843451, 0.09579850625817621, 0.0928970220894516, 0.09081124364976634, 0.08955360338750985, 0.10122773535019979, 0.10009976891450596, 0.09851055438931897, 0.09709066445652342], "val_loss": [0.13755226723046718, 0.12207755344936591, 0.11659237848940546, 0.11248017865941375, 0.10965842809416577, 0.1097113263631563, 0.10656909111463381, 0.10562275486724998, 0.104330262754804, 0.10473668279717425, 0.10820064505751797, 0.10859936189664873, 0.10888195004938783, 0.10796786313820741], "val_auc": [0.9395744843289758, 0.9522531395714683, 0.9553642932937444, 0.9567557384328107, 0.9615321143025531, 0.9624392561309422, 0.9636616943919399, 0.9624263290440038, 0.9649820795421067, 0.9646685165667673, 0.9628007105133568, 0.960760592906428, 0.95934733229918, 0.9586394045864803]}