{
  "fixed": {
    "auc_roc": 0.5695,
    "precision_at_5": 0.2809,
    "precision_at_10": 0.2209,
    "recall_at_5": 0.1489,
    "recall_at_10": 0.2619,
    "accuracy_at_5": 0.1489,
    "ndcg_at_5": 0.3001,
    "ndcg_at_10": 0.2972,
    "ndcg_at_20": 0.3078,
    "map_at_5": 0.2449,
    "map_at_10": 0.2029,
    "mrr": 0.416,
    "coverage": 0.0341,
    "diversity": 1.0,
    "novelty": 0.7569
  },
  "gating": {
    "auc_roc": 0.5631,
    "precision_at_5": 0.2809,
    "precision_at_10": 0.2209,
    "recall_at_5": 0.1489,
    "recall_at_10": 0.2619,
    "accuracy_at_5": 0.1489,
    "ndcg_at_5": 0.3001,
    "ndcg_at_10": 0.2971,
    "ndcg_at_20": 0.3078,
    "map_at_5": 0.2449,
    "map_at_10": 0.2029,
    "mrr": 0.4158,
    "coverage": 0.0341,
    "diversity": 1.0,
    "novelty": 0.7569
  },
  "fixed_subgroups": {
    "cold (<5)": {
      "ndcg10": 0.16739281530767383,
      "n": 109
    },
    "moderate (5-50)": {
      "ndcg10": 0.3692270634093167,
      "n": 107
    },
    "warm (50+)": {
      "ndcg10": 0.7580689471604677,
      "n": 14
    }
  },
  "gating_subgroups": {
    "cold (<5)": {
      "ndcg10": 0.16731872113864912,
      "n": 109
    },
    "moderate (5-50)": {
      "ndcg10": 0.36906611140311446,
      "n": 107
    },
    "warm (50+)": {
      "ndcg10": 0.7573165370874856,
      "n": 14
    }
  },
  "learned_weights": {
    "cold": [
      1.0,
      4.217014293317334e-09,
      7.408809121756121e-09,
      5.109445311290983e-09,
      1.441300945259627e-08
    ],
    "moderate": [
      1.0,
      4.7223301657961514e-11,
      9.58848556109615e-11,
      6.107299388435905e-11,
      2.403091614588959e-10
    ],
    "warm": [
      1.0,
      2.4742238965112795e-13,
      6.483616269738202e-13,
      3.3369642227394636e-13,
      2.023652512922469e-12
    ],
    "all": [
      1.0,
      2.020481781883632e-09,
      3.5557778943484664e-09,
      2.449864311415695e-09,
      6.942432406731314e-09
    ]
  }
}