{
  "fixed": {
    "auc_roc": 0.5695,
    "precision_at_5": 0.2809,
    "precision_at_10": 0.2209,
    "recall_at_5": 0.1489,
    "recall_at_10": 0.2619,
    "accuracy_at_5": 0.1489,
    "ndcg_at_5": 0.3001,
    "ndcg_at_10": 0.2972,
    "ndcg_at_20": 0.3078,
    "map_at_5": 0.2449,
    "map_at_10": 0.2029,
    "mrr": 0.416,
    "coverage": 0.0341,
    "diversity": 1.0,
    "novelty": 0.7569
  },
  "gating": {
    "auc_roc": 0.5641,
    "precision_at_5": 0.2809,
    "precision_at_10": 0.2209,
    "recall_at_5": 0.1489,
    "recall_at_10": 0.2619,
    "accuracy_at_5": 0.1489,
    "ndcg_at_5": 0.3001,
    "ndcg_at_10": 0.2971,
    "ndcg_at_20": 0.3078,
    "map_at_5": 0.2449,
    "map_at_10": 0.2029,
    "mrr": 0.4158,
    "coverage": 0.0341,
    "diversity": 1.0,
    "novelty": 0.7569
  },
  "fixed_subgroups": {
    "cold (<5)": {
      "ndcg10": 0.16739281530767383,
      "n": 109
    },
    "moderate (5-50)": {
      "ndcg10": 0.3692270634093167,
      "n": 107
    },
    "warm (50+)": {
      "ndcg10": 0.7580689471604677,
      "n": 14
    }
  },
  "gating_subgroups": {
    "cold (<5)": {
      "ndcg10": 0.16731872113864912,
      "n": 109
    },
    "moderate (5-50)": {
      "ndcg10": 0.36906611140311446,
      "n": 107
    },
    "warm (50+)": {
      "ndcg10": 0.7573165370874856,
      "n": 14
    }
  },
  "learned_weights": {
    "cold": [
      0.9999995827674866,
      5.681158654624596e-08,
      1.3161547940399032e-07,
      1.5254582308443787e-07,
      1.9239132598158903e-07
    ],
    "moderate": [
      1.0,
      1.0056842025818469e-09,
      3.0312188314951527e-09,
      3.7204819225422625e-09,
      5.397460700606871e-09
    ],
    "warm": [
      1.0,
      5.006888133263221e-12,
      2.229820321442144e-11,
      2.8848274463699752e-11,
      4.943525103162649e-11
    ],
    "all": [
      0.9999998807907104,
      2.7391919843466894e-08,
      6.378584060939829e-08,
      7.402606172490778e-08,
      9.369075115728265e-08
    ]
  }
}