{
  "fixed": {
    "auc_roc": 0.5695,
    "precision_at_5": 0.2809,
    "precision_at_10": 0.2209,
    "recall_at_5": 0.1489,
    "recall_at_10": 0.2619,
    "accuracy_at_5": 0.1489,
    "ndcg_at_5": 0.3001,
    "ndcg_at_10": 0.2972,
    "ndcg_at_20": 0.3078,
    "map_at_5": 0.2449,
    "map_at_10": 0.2029,
    "mrr": 0.416,
    "coverage": 0.0341,
    "diversity": 1.0,
    "novelty": 0.7569
  },
  "gating": {
    "auc_roc": 0.5631,
    "precision_at_5": 0.2809,
    "precision_at_10": 0.2209,
    "recall_at_5": 0.1489,
    "recall_at_10": 0.2619,
    "accuracy_at_5": 0.1489,
    "ndcg_at_5": 0.3001,
    "ndcg_at_10": 0.2971,
    "ndcg_at_20": 0.3078,
    "map_at_5": 0.2449,
    "map_at_10": 0.2029,
    "mrr": 0.4158,
    "coverage": 0.0341,
    "diversity": 1.0,
    "novelty": 0.7569
  },
  "fixed_subgroups": {
    "cold (<5)": {
      "ndcg10": 0.16739281530767383,
      "n": 109
    },
    "moderate (5-50)": {
      "ndcg10": 0.3692270634093167,
      "n": 107
    },
    "warm (50+)": {
      "ndcg10": 0.7580689471604677,
      "n": 14
    }
  },
  "gating_subgroups": {
    "cold (<5)": {
      "ndcg10": 0.16731872113864912,
      "n": 109
    },
    "moderate (5-50)": {
      "ndcg10": 0.36906611140311446,
      "n": 107
    },
    "warm (50+)": {
      "ndcg10": 0.7573165370874856,
      "n": 14
    }
  },
  "learned_weights": {
    "cold": [
      1.0,
      3.770554007909155e-11,
      5.367552582957735e-11,
      4.6397840430811854e-11,
      1.5053817914445489e-10
    ],
    "moderate": [
      1.0,
      1.6901410826442032e-13,
      2.7503994633019946e-13,
      2.2789289986363537e-13,
      9.462333260684685e-13
    ],
    "warm": [
      1.0,
      1.3459190742726282e-16,
      2.6344964002963044e-16,
      1.9779921325216302e-16,
      1.2859170337643669e-15
    ],
    "all": [
      1.0,
      1.7947782149363434e-11,
      2.556549763554905e-11,
      2.2094567495023476e-11,
      7.178228150772625e-11
    ]
  }
}