{
  "fixed": {
    "auc_roc": 0.5695,
    "precision_at_5": 0.2809,
    "precision_at_10": 0.2209,
    "recall_at_5": 0.1489,
    "recall_at_10": 0.2619,
    "accuracy_at_5": 0.1489,
    "ndcg_at_5": 0.3001,
    "ndcg_at_10": 0.2972,
    "ndcg_at_20": 0.3078,
    "map_at_5": 0.2449,
    "map_at_10": 0.2029,
    "mrr": 0.416,
    "coverage": 0.0341,
    "diversity": 1.0,
    "novelty": 0.7569
  },
  "gating": {
    "auc_roc": 0.5631,
    "precision_at_5": 0.2809,
    "precision_at_10": 0.2209,
    "recall_at_5": 0.1489,
    "recall_at_10": 0.2619,
    "accuracy_at_5": 0.1489,
    "ndcg_at_5": 0.3001,
    "ndcg_at_10": 0.2971,
    "ndcg_at_20": 0.3078,
    "map_at_5": 0.2449,
    "map_at_10": 0.2029,
    "mrr": 0.4158,
    "coverage": 0.0341,
    "diversity": 1.0,
    "novelty": 0.7569
  },
  "fixed_subgroups": {
    "cold (<5)": {
      "ndcg10": 0.16739281530767383,
      "n": 109
    },
    "moderate (5-50)": {
      "ndcg10": 0.3692270634093167,
      "n": 107
    },
    "warm (50+)": {
      "ndcg10": 0.7580689471604677,
      "n": 14
    }
  },
  "gating_subgroups": {
    "cold (<5)": {
      "ndcg10": 0.16731872113864912,
      "n": 109
    },
    "moderate (5-50)": {
      "ndcg10": 0.36906611140311446,
      "n": 107
    },
    "warm (50+)": {
      "ndcg10": 0.7573165370874856,
      "n": 14
    }
  },
  "learned_weights": {
    "cold": [
      1.0,
      1.287794981763568e-09,
      3.2188183229919787e-09,
      3.328200604002518e-09,
      5.28272137145791e-09
    ],
    "moderate": [
      1.0,
      5.705445664527797e-12,
      1.8605988277853314e-11,
      1.968961625686827e-11,
      3.7307160832833475e-11
    ],
    "warm": [
      1.0,
      3.442017695780915e-15,
      1.829965554631975e-14,
      1.959204994691089e-14,
      4.7706176303178444e-14
    ],
    "all": [
      1.0,
      6.129572960311691e-10,
      1.5340971826205418e-09,
      1.5864387581387973e-09,
      2.520909259118298e-09
    ]
  }
}